"Taxon ID","Genome ID","Genome Name","Antibiotic","Resistant Phenotype","Measurement","Measurement Sign","Measurement Value","Measurement Unit","Laboratory Typing Method","Laboratory Typing Method Version","Laboratory Typing Platform","Vendor","Testing Standard","Testing Standard Year","Computational Method","Computational Method Version","Computational Method Performance","Evidence","Source","PubMed"
1005564,"1005564.3","Escherichia coli TW00353","amoxicillin/clavulanic acid","","8.0","","8.0","mg/L","","","","","","","MIC XGBoost Model","202503101","W1 score: 0.97, CI[0.96, 0.98]","Computational Method","",""
1005564,"1005564.3","Escherichia coli TW00353","amikacin","","2.0","","2.0","mg/L","","","","","","","MIC XGBoost Model","202503101","W1 score: 0.97, CI[0.96, 0.98]","Computational Method","",""
1005564,"1005564.3","Escherichia coli TW00353","ampicillin","","32.0","","32.0","mg/L","","","","","","","MIC XGBoost Model","202503101","W1 score: 0.87, CI[0.82, 0.92]","Computational Method","",""
1005564,"1005564.3","Escherichia coli TW00353","aztreonam","","8.0","","8.0","mg/L","","","","","","","MIC XGBoost Model","202503101","W1 score: 0.61, CI[0.50, 0.73]","Computational Method","",""
1005564,"1005564.3","Escherichia coli TW00353","ceftazidime","","4.0","","4.0","mg/L","","","","","","","MIC XGBoost Model","202503101","W1 score: 0.88, CI[0.86, 0.90]","Computational Method","",""
1005564,"1005564.3","Escherichia coli TW00353","cefazolin","","8.0","","8.0","mg/L","","","","","","","MIC XGBoost Model","202503101","W1 score: 0.86, CI[0.82, 0.90]","Computational Method","",""
1005564,"1005564.3","Escherichia coli TW00353","chloramphenicol","","16.0","","16.0","mg/L","","","","","","","MIC XGBoost Model","202503101","W1 score: 0.77, CI[0.71, 0.83]","Computational Method","",""
1005564,"1005564.3","Escherichia coli TW00353","ciprofloxacin","","0.25","","0.25","mg/L","","","","","","","MIC XGBoost Model","202503101","W1 score: 0.95, CI[0.93, 0.97]","Computational Method","",""
1005564,"1005564.3","Escherichia coli TW00353","ceftriaxone","","1.0","","1.0","mg/L","","","","","","","MIC XGBoost Model","202503101","W1 score: 0.83, CI[0.74, 0.91]","Computational Method","",""
1005564,"1005564.3","Escherichia coli TW00353","colistin","","4.0","","4.0","mg/L","","","","","","","MIC XGBoost Model","202503101","W1 score: 0.80, CI[0.64, 0.96]","Computational Method","",""
1005564,"1005564.3","Escherichia coli TW00353","cefotetan","","32.0","","32.0","mg/L","","","","","","","MIC XGBoost Model","202503101","W1 score: 1.00, CI[1.00, 1.00]","Computational Method","",""
1005564,"1005564.3","Escherichia coli TW00353","cefotaxime","","2.0","","2.0","mg/L","","","","","","","MIC XGBoost Model","202503101","W1 score: 0.90, CI[0.88, 0.91]","Computational Method","",""
1005564,"1005564.3","Escherichia coli TW00353","cefuroxime","","4.0","","4.0","mg/L","","","","","","","MIC XGBoost Model","202503101","W1 score: 0.62, CI[0.26, 0.97]","Computational Method","",""
1005564,"1005564.3","Escherichia coli TW00353","doripenem","","0.25","","0.25","mg/L","","","","","","","MIC XGBoost Model","202503101","W1 score: 0.56, CI[0.34, 0.79]","Computational Method","",""
1005564,"1005564.3","Escherichia coli TW00353","ertapenem","","1.0","","1.0","mg/L","","","","","","","MIC XGBoost Model","202503101","W1 score: 0.77, CI[0.66, 0.89]","Computational Method","",""
1005564,"1005564.3","Escherichia coli TW00353","cefepime","","1.0","","1.0","mg/L","","","","","","","MIC XGBoost Model","202503101","W1 score: 0.73, CI[0.68, 0.78]","Computational Method","",""
1005564,"1005564.3","Escherichia coli TW00353","fosfomycin","","16.0","","16.0","mg/L","","","","","","","MIC XGBoost Model","202503101","W1 score: 0.77, CI[0.60, 0.94]","Computational Method","",""
1005564,"1005564.3","Escherichia coli TW00353","cefoxitin","","8.0","","8.0","mg/L","","","","","","","MIC XGBoost Model","202503101","W1 score: 0.70, CI[0.51, 0.89]","Computational Method","",""
1005564,"1005564.3","Escherichia coli TW00353","gentamicin","","1.0","","1.0","mg/L","","","","","","","MIC XGBoost Model","202503101","W1 score: 0.95, CI[0.91, 0.98]","Computational Method","",""
1005564,"1005564.3","Escherichia coli TW00353","imipenem","","4.0","","4.0","mg/L","","","","","","","MIC XGBoost Model","202503101","W1 score: 0.78, CI[0.70, 0.86]","Computational Method","",""
1005564,"1005564.3","Escherichia coli TW00353","levofloxacin","","2.0","","2.0","mg/L","","","","","","","MIC XGBoost Model","202503101","W1 score: 0.87, CI[0.81, 0.93]","Computational Method","",""
1005564,"1005564.3","Escherichia coli TW00353","meropenem","","0.25","","0.25","mg/L","","","","","","","MIC XGBoost Model","202503101","W1 score: 0.95, CI[0.93, 0.98]","Computational Method","",""
1005564,"1005564.3","Escherichia coli TW00353","nalidixic acid","","64.0","","64.0","mg/L","","","","","","","MIC XGBoost Model","202503101","W1 score: 0.64, CI[0.33, 0.95]","Computational Method","",""
1005564,"1005564.3","Escherichia coli TW00353","nitrofurantoin","","16.0","","16.0","mg/L","","","","","","","MIC XGBoost Model","202503101","W1 score: 0.95, CI[0.90, 1.01]","Computational Method","",""
1005564,"1005564.3","Escherichia coli TW00353","piperacillin","","8.0","","8.0","mg/L","","","","","","","MIC XGBoost Model","202503101","W1 score: 0.73, CI[0.39, 1.08]","Computational Method","",""
1005564,"1005564.3","Escherichia coli TW00353","ampicillin/sulbactam","","16.0","","16.0","mg/L","","","","","","","MIC XGBoost Model","202503101","W1 score: 0.90, CI[0.82, 0.98]","Computational Method","",""
1005564,"1005564.3","Escherichia coli TW00353","streptomycin","","8.0","","8.0","mg/L","","","","","","","MIC XGBoost Model","202503101","W1 score: 0.96, CI[0.90, 1.03]","Computational Method","",""
1005564,"1005564.3","Escherichia coli TW00353","tetracycline","","8.0","","8.0","mg/L","","","","","","","MIC XGBoost Model","202503101","W1 score: 0.79, CI[0.71, 0.87]","Computational Method","",""
1005564,"1005564.3","Escherichia coli TW00353","tigecycline","","0.5","","0.5","mg/L","","","","","","","MIC XGBoost Model","202503101","W1 score: 0.98, CI[0.91, 1.04]","Computational Method","",""
1005564,"1005564.3","Escherichia coli TW00353","tobramycin","","1.0","","1.0","mg/L","","","","","","","MIC XGBoost Model","202503101","W1 score: 0.96, CI[0.92, 1.00]","Computational Method","",""
1005564,"1005564.3","Escherichia coli TW00353","piperacillin/tazobactam","","8.0","","8.0","mg/L","","","","","","","MIC XGBoost Model","202503101","W1 score: 0.93, CI[0.91, 0.95]","Computational Method","",""
1005564,"1005564.3","Escherichia coli TW00353","amoxicillin/clavulanic acid","Resistant","","","","","","","","","","","SIR XGBoost Model","202503101","F1 score: 0.84, CI[0.81, 0.88]","Computational Method","",""
1005564,"1005564.3","Escherichia coli TW00353","ampicillin","Resistant","","","","","","","","","","","SIR XGBoost Model","202503101","F1 score: 0.94, CI[0.93, 0.96]","Computational Method","",""
1005564,"1005564.3","Escherichia coli TW00353","amoxicillin","Resistant","","","","","","","","","","","SIR XGBoost Model","202503101","F1 score: 0.90, CI[0.87, 0.93]","Computational Method","",""
1005564,"1005564.3","Escherichia coli TW00353","aztreonam","Susceptible","","","","","","","","","","","SIR XGBoost Model","202503101","F1 score: 0.92, CI[0.89, 0.96]","Computational Method","",""
1005564,"1005564.3","Escherichia coli TW00353","ceftazidime","Susceptible","","","","","","","","","","","SIR XGBoost Model","202503101","F1 score: 0.92, CI[0.90, 0.93]","Computational Method","",""
1005564,"1005564.3","Escherichia coli TW00353","cefalothin","Susceptible","","","","","","","","","","","SIR XGBoost Model","202503101","F1 score: 0.92, CI[0.89, 0.96]","Computational Method","",""
1005564,"1005564.3","Escherichia coli TW00353","cefazolin","Susceptible","","","","","","","","","","","SIR XGBoost Model","202503101","F1 score: 0.93, CI[0.86, 0.99]","Computational Method","",""
1005564,"1005564.3","Escherichia coli TW00353","chloramphenicol","Susceptible","","","","","","","","","","","SIR XGBoost Model","202503101","F1 score: 0.96, CI[0.93, 0.99]","Computational Method","",""
1005564,"1005564.3","Escherichia coli TW00353","ciprofloxacin","Susceptible","","","","","","","","","","","SIR XGBoost Model","202503101","F1 score: 0.98, CI[0.97, 0.98]","Computational Method","",""
1005564,"1005564.3","Escherichia coli TW00353","ceftriaxone","Susceptible","","","","","","","","","","","SIR XGBoost Model","202503101","F1 score: 0.96, CI[0.92, 0.99]","Computational Method","",""
1005564,"1005564.3","Escherichia coli TW00353","cefotaxime","Susceptible","","","","","","","","","","","SIR XGBoost Model","202503101","F1 score: 0.96, CI[0.96, 0.97]","Computational Method","",""
1005564,"1005564.3","Escherichia coli TW00353","cefuroxime","Susceptible","","","","","","","","","","","SIR XGBoost Model","202503101","F1 score: 0.88, CI[0.86, 0.90]","Computational Method","",""
1005564,"1005564.3","Escherichia coli TW00353","doxycycline","Resistant","","","","","","","","","","","SIR XGBoost Model","202503101","F1 score: 0.87, CI[0.80, 0.95]","Computational Method","",""
1005564,"1005564.3","Escherichia coli TW00353","ertapenem","Susceptible","","","","","","","","","","","SIR XGBoost Model","202503101","F1 score: 0.92, CI[0.90, 0.95]","Computational Method","",""
1005564,"1005564.3","Escherichia coli TW00353","cefepime","Susceptible","","","","","","","","","","","SIR XGBoost Model","202503101","F1 score: 0.88, CI[0.84, 0.92]","Computational Method","",""
1005564,"1005564.3","Escherichia coli TW00353","cefoxitin","Susceptible","","","","","","","","","","","SIR XGBoost Model","202503101","F1 score: 0.88, CI[0.83, 0.92]","Computational Method","",""
1005564,"1005564.3","Escherichia coli TW00353","gentamicin","Susceptible","","","","","","","","","","","SIR XGBoost Model","202503101","F1 score: 0.96, CI[0.95, 0.97]","Computational Method","",""
1005564,"1005564.3","Escherichia coli TW00353","imipenem","Susceptible","","","","","","","","","","","SIR XGBoost Model","202503101","F1 score: 0.96, CI[0.94, 0.98]","Computational Method","",""
1005564,"1005564.3","Escherichia coli TW00353","levofloxacin","Susceptible","","","","","","","","","","","SIR XGBoost Model","202503101","F1 score: 0.97, CI[0.91, 1.02]","Computational Method","",""
1005564,"1005564.3","Escherichia coli TW00353","meropenem","Susceptible","","","","","","","","","","","SIR XGBoost Model","202503101","F1 score: 0.76, CI[0.68, 0.84]","Computational Method","",""
1005564,"1005564.3","Escherichia coli TW00353","nalidixic acid","Susceptible","","","","","","","","","","","SIR XGBoost Model","202503101","F1 score: 0.98, CI[0.96, 1.00]","Computational Method","",""
1005564,"1005564.3","Escherichia coli TW00353","norfloxacin","Susceptible","","","","","","","","","","","SIR XGBoost Model","202503101","F1 score: 0.96, CI[0.92, 1.01]","Computational Method","",""
1005564,"1005564.3","Escherichia coli TW00353","ampicillin/sulbactam","Susceptible","","","","","","","","","","","SIR XGBoost Model","202503101","F1 score: 0.88, CI[0.79, 0.98]","Computational Method","",""
1005564,"1005564.3","Escherichia coli TW00353","sulfamethoxazole","Susceptible","","","","","","","","","","","SIR XGBoost Model","202503101","F1 score: 0.93, CI[0.88, 0.99]","Computational Method","",""
1005564,"1005564.3","Escherichia coli TW00353","streptomycin","Susceptible","","","","","","","","","","","SIR XGBoost Model","202503101","F1 score: 0.96, CI[0.90, 1.02]","Computational Method","",""
1005564,"1005564.3","Escherichia coli TW00353","tetracycline","Susceptible","","","","","","","","","","","SIR XGBoost Model","202503101","F1 score: 0.93, CI[0.89, 0.97]","Computational Method","",""
1005564,"1005564.3","Escherichia coli TW00353","ceftiofur","Susceptible","","","","","","","","","","","SIR XGBoost Model","202503101","F1 score: 0.97, CI[0.88, 1.06]","Computational Method","",""
1005564,"1005564.3","Escherichia coli TW00353","trimethoprim","Susceptible","","","","","","","","","","","SIR XGBoost Model","202503101","F1 score: 0.94, CI[0.91, 0.97]","Computational Method","",""
1005564,"1005564.3","Escherichia coli TW00353","tobramycin","Susceptible","","","","","","","","","","","SIR XGBoost Model","202503101","F1 score: 0.92, CI[0.88, 0.96]","Computational Method","",""
1005564,"1005564.3","Escherichia coli TW00353","piperacillin/tazobactam","Susceptible","","","","","","","","","","","SIR XGBoost Model","202503101","F1 score: 0.80, CI[0.78, 0.82]","Computational Method","",""
1005564,"1005564.3","Escherichia coli TW00353","trimethoprim/sulfamethoxazole","","32.0","","32.0","mg/L","","","","","","","MIC XGBoost Model","202503101","W1 score: 0.81, CI[0.76, 0.85]","Computational Method","",""
1005564,"1005564.3","Escherichia coli TW00353","trimethoprim/sulfamethoxazole","Susceptible","","","","","","","","","","","SIR XGBoost Model","202503101","F1 score: 0.94, CI[0.94, 0.95]","Computational Method","",""
